シート,セル,修正前,修正後,修正理由
ビジとり,F6,0,=35*F17,顧問先＝税理士数×35 に統一（F列のみ直値0）
ビジとり,F19,=F18*F20,=F20*PRODUCT(F6:F11),解約数＝粗受注数×解約率（F列は新規×解約率の誤参照／循環回避のため粗受注を直接参照）
ビジとり,F12,=F11*F10*F9*F8*F7*F6,=PRODUCT(F6:F11) - F19,純受注数＝粗受注数－解約数 に統一（F〜H列のみ解約未控除）
ビジとり,G19,=G20*G12,=G20*PRODUCT(G6:G11),解約数＝粗受注数×解約率（F列は新規×解約率の誤参照／循環回避のため粗受注を直接参照）
ビジとり,G12,=G11*G10*G9*G8*G7*G6,=PRODUCT(G6:G11) - G19,純受注数＝粗受注数－解約数 に統一（F〜H列のみ解約未控除）
ビジとり,H19,=H20*H12,=H20*PRODUCT(H6:H11),解約数＝粗受注数×解約率（F列は新規×解約率の誤参照／循環回避のため粗受注を直接参照）
ビジとり,H12,=H11*H10*H9*H8*H7*H6,=PRODUCT(H6:H11) - H19,純受注数＝粗受注数－解約数 に統一（F〜H列のみ解約未控除）
ビジとり,F5,=F14*F12,=F12*F14*12,売上＝純受注数×月額500円×12（年換算）
ビジとり,G5,=G14*G12,=G12*G14*12,売上＝純受注数×月額500円×12（年換算）
ビジとり,H5,=H14*H12,=H12*H14*12,売上＝純受注数×月額500円×12（年換算）
ビジとり,I5,=I14*I12,=I12*I14*12,売上＝純受注数×月額500円×12（年換算）
ビジとり,J5,=J14*J12,=J12*J14*12,売上＝純受注数×月額500円×12（年換算）
ビジとり,K5,=K14*K12,=K12*K14*12,売上＝純受注数×月額500円×12（年換算）
ビジとり,L5,=L14*L12,=L12*L14*12,売上＝純受注数×月額500円×12（年換算）
ビジとり,M5,=M14*M12,=M12*M14*12,売上＝純受注数×月額500円×12（年換算）
ビジとり,N5,=N14*N12,=N12*N14*12,売上＝純受注数×月額500円×12（年換算）
ビジとり,O5,=O14*O12,=O12*O14*12,売上＝純受注数×月額500円×12（年換算）
ビジとり,P5,=P14*P12,=P12*P14*12,売上＝純受注数×月額500円×12（年換算）
ビジとり,Q5,=Q14*Q12,=Q12*Q14*12,売上＝純受注数×月額500円×12（年換算）
ビジとり,R5,=R14*R12,=R12*R14*12,売上＝純受注数×月額500円×12（年換算）
ビジとり,S5,=S14*S12,=S12*S14*12,売上＝純受注数×月額500円×12（年換算）
ビジとり,T5,=T14*T12,=T12*T14*12,売上＝純受注数×月額500円×12（年換算）
ビジとり,U5,=U14*U12,=U12*U14*12,売上＝純受注数×月額500円×12（年換算）
ビジとり,V5,=V14*V12,=V12*V14*12,売上＝純受注数×月額500円×12（年換算）
ビジとり,W5,=W14*W12,=W12*W14*12,売上＝純受注数×月額500円×12（年換算）
ビジとり,X5,=X14*X12,=X12*X14*12,売上＝純受注数×月額500円×12（年換算）
ビジとり,Y5,=Y14*Y12,=Y12*Y14*12,売上＝純受注数×月額500円×12（年換算）
ビジとり,Z5,=Z14*Z12,=Z12*Z14*12,売上＝純受注数×月額500円×12（年換算）
ビジとり,AA5,=AA14*AA12,=AA12*AA14*12,売上＝純受注数×月額500円×12（年換算）
ビジとり,AB5,=AB14*AB12,=AB12*AB14*12,売上＝純受注数×月額500円×12（年換算）
ビジとり,AC5,=AC14*AC12,=AC12*AC14*12,売上＝純受注数×月額500円×12（年換算）
ビジとり,AD5,=AD14*AD12,=AD12*AD14*12,売上＝純受注数×月額500円×12（年換算）
ビジとり,AE5,=AE14*AE12,=AE12*AE14*12,売上＝純受注数×月額500円×12（年換算）
ビジとり,AF5,=AF14*AF12,=AF12*AF14*12,売上＝純受注数×月額500円×12（年換算）
ビジとり,AG5,=AG14*AG12,=AG12*AG14*12,売上＝純受注数×月額500円×12（年換算）
ビジとり,AH5,=AH14*AH12,=AH12*AH14*12,売上＝純受注数×月額500円×12（年換算）
ビジとり,AI5,=AI14*AI12,=AI12*AI14*12,売上＝純受注数×月額500円×12（年換算）
ビジとり,AJ5,=AJ14*AJ12,=AJ12*AJ14*12,売上＝純受注数×月額500円×12（年換算）
ビジとり,AK5,=AK14*AK12,=AK12*AK14*12,売上＝純受注数×月額500円×12（年換算）
ビジとり,AL5,=AL14*AL12,=AL12*AL14*12,売上＝純受注数×月額500円×12（年換算）
ビジとり,AM5,=AM14*AM12,=AM12*AM14*12,売上＝純受注数×月額500円×12（年換算）
ビジとり,AN5,=AN14*AN12,=AN12*AN14*12,売上＝純受注数×月額500円×12（年換算）
ビジとり,AO5,=AO14*AO12,=AO12*AO14*12,売上＝純受注数×月額500円×12（年換算）
ビジとり,AP5,=AP14*AP12,=AP12*AP14*12,売上＝純受注数×月額500円×12（年換算）
ビジとり,AQ5,=AQ14*AQ12,=AQ12*AQ14*12,売上＝純受注数×月額500円×12（年換算）
ビジとり,AR5,=AR14*AR12,=AR12*AR14*12,売上＝純受注数×月額500円×12（年換算）
ビジとり,AS5,=AS14*AS12,=AS12*AS14*12,売上＝純受注数×月額500円×12（年換算）
ビジとり,AT5,=AT14*AT12,=AT12*AT14*12,売上＝純受注数×月額500円×12（年換算）
ビジとり,AU5,=AU14*AU12,=AU12*AU14*12,売上＝純受注数×月額500円×12（年換算）
ビジとり,AV5,=AV14*AV12,=AV12*AV14*12,売上＝純受注数×月額500円×12（年換算）
ビジとり,AW5,=AW14*AW12,=AW12*AW14*12,売上＝純受注数×月額500円×12（年換算）
ビジとり,AX5,=AX14*AX12,=AX12*AX14*12,売上＝純受注数×月額500円×12（年換算）
ビジとり,AY5,=AY14*AY12,=AY12*AY14*12,売上＝純受注数×月額500円×12（年換算）
ビジとり,AZ5,=AZ14*AZ12,=AZ12*AZ14*12,売上＝純受注数×月額500円×12（年換算）
ビジとり,BA5,=BA14*BA12,=BA12*BA14*12,売上＝純受注数×月額500円×12（年換算）
ビジとり,BB5,=BB14*BB12,=BB12*BB14*12,売上＝純受注数×月額500円×12（年換算）
ビジとり,BC5,=BC14*BC12,=BC12*BC14*12,売上＝純受注数×月額500円×12（年換算）
ビジとり,BD5,=BD14*BD12,=BD12*BD14*12,売上＝純受注数×月額500円×12（年換算）
ビジとり,BE5,=BE14*BE12,=BE12*BE14*12,売上＝純受注数×月額500円×12（年換算）
ビジとり,BF5,=BF14*BF12,=BF12*BF14*12,売上＝純受注数×月額500円×12（年換算）
ビジとり,BG5,=BG14*BG12,=BG12*BG14*12,売上＝純受注数×月額500円×12（年換算）
ビジとり,BH5,=BH14*BH12,=BH12*BH14*12,売上＝純受注数×月額500円×12（年換算）
ビジとり,BI5,=BI14*BI12,=BI12*BI14*12,売上＝純受注数×月額500円×12（年換算）
ビジとり,BJ5,=BJ14*BJ12,=BJ12*BJ14*12,売上＝純受注数×月額500円×12（年換算）
ビジとり,BK5,=BK14*BK12,=BK12*BK14*12,売上＝純受注数×月額500円×12（年換算）
ビジとり,BL5,=BL14*BL12,=BL12*BL14*12,売上＝純受注数×月額500円×12（年換算）
ビジとり,BM5,=BM14*BM12,=BM12*BM14*12,売上＝純受注数×月額500円×12（年換算）
ビジとり,BN12,=BN11*BN10*BN9*BN8*BN7*BN6,=PRODUCT(BN6:BN11) - BN19,年次列の受注数が解約前（粗受注）のまま → 純受注数に統一
ビジとり,BO12,=BO11*BO10*BO9*BO8*BO7*BO6,=PRODUCT(BO6:BO11) - BO19,年次列の受注数が解約前（粗受注）のまま → 純受注数に統一
ビジとり,BP12,=BP11*BP10*BP9*BP8*BP7*BP6,=PRODUCT(BP6:BP11) - BP19,年次列の受注数が解約前（粗受注）のまま → 純受注数に統一
ビジとり,BQ12,=BQ11*BQ10*BQ9*BQ8*BQ7*BQ6,=PRODUCT(BQ6:BQ11) - BQ19,年次列の受注数が解約前（粗受注）のまま → 純受注数に統一
ビジとり,BR12,=BR11*BR10*BR9*BR8*BR7*BR6,=PRODUCT(BR6:BR11) - BR19,年次列の受注数が解約前（粗受注）のまま → 純受注数に統一
ビジとり,BP19,=SUM(AE19:AP19),=SUM(AD19:AO19),Y3年間解約合計の集計範囲が1ヶ月ずれ（AE:AP→AD:AO）
ビジとり,H18,=H12-G18,=PRODUCT(H6:H11)-G18,【値は不変】元式=H12-G18は受注数(12行)参照。12行を純受注化したため、従来値(17.22)を維持するよう粗受注数参照に置換。税理士の新規数を企業受注数から算出している点は要確認
支払い.com,F19,=F18*F20,=F20*PRODUCT(F6:F11),解約数＝粗受注数×解約率（循環回避のため粗受注を直接参照）
支払い.com,F12,=F11*F10*F9*F8*F7*F6,=PRODUCT(F6:F11) - F19,純受注数＝粗受注数－解約数 に統一（F〜I列のみ解約未控除）
支払い.com,F5,=F6*F12,=F12*F13,売上＝純受注数×年間単価（顧問先数×単価は誤り）
支払い.com,G19,=G20*G12,=G20*PRODUCT(G6:G11),解約数＝粗受注数×解約率（循環回避のため粗受注を直接参照）
支払い.com,G12,=G11*G10*G9*G8*G7*G6,=PRODUCT(G6:G11) - G19,純受注数＝粗受注数－解約数 に統一（F〜I列のみ解約未控除）
支払い.com,G5,=G6*G13,=G12*G13,売上＝純受注数×年間単価（顧問先数×単価は誤り）
支払い.com,H19,=H20*H12,=H20*PRODUCT(H6:H11),解約数＝粗受注数×解約率（循環回避のため粗受注を直接参照）
支払い.com,H12,=H11*H10*H9*H8*H7*H6,=PRODUCT(H6:H11) - H19,純受注数＝粗受注数－解約数 に統一（F〜I列のみ解約未控除）
支払い.com,H5,=H6*H13,=H12*H13,売上＝純受注数×年間単価（顧問先数×単価は誤り）
支払い.com,I19,=I20*I12,=I20*PRODUCT(I6:I11),解約数＝粗受注数×解約率（循環回避のため粗受注を直接参照）
支払い.com,I12,=I11*I10*I9*I8*I7*I6,=PRODUCT(I6:I11) - I19,純受注数＝粗受注数－解約数 に統一（F〜I列のみ解約未控除）
支払い.com,I5,=I6*I13,=I12*I13,売上＝純受注数×年間単価（顧問先数×単価は誤り）
支払い.com,J19,1,=J20*PRODUCT(J6:J11),解約数の直値（整数）を 粗受注数×解約率 の数式に統一（G〜I列・他シートと同ロジック）
支払い.com,J5,=J6*J13,=J12*J13,売上＝純受注数×年間単価（顧問先数×単価は誤り）
支払い.com,K19,1,=K20*PRODUCT(K6:K11),解約数の直値（整数）を 粗受注数×解約率 の数式に統一（G〜I列・他シートと同ロジック）
支払い.com,K5,=K6*K13,=K12*K13,売上＝純受注数×年間単価（顧問先数×単価は誤り）
支払い.com,L19,1,=L20*PRODUCT(L6:L11),解約数の直値（整数）を 粗受注数×解約率 の数式に統一（G〜I列・他シートと同ロジック）
支払い.com,L5,=L6*L13,=L12*L13,売上＝純受注数×年間単価（顧問先数×単価は誤り）
支払い.com,M19,1,=M20*PRODUCT(M6:M11),解約数の直値（整数）を 粗受注数×解約率 の数式に統一（G〜I列・他シートと同ロジック）
支払い.com,M5,=M6*M13,=M12*M13,売上＝純受注数×年間単価（顧問先数×単価は誤り）
支払い.com,N19,2,=N20*PRODUCT(N6:N11),解約数の直値（整数）を 粗受注数×解約率 の数式に統一（G〜I列・他シートと同ロジック）
支払い.com,N5,=N6*N13,=N12*N13,売上＝純受注数×年間単価（顧問先数×単価は誤り）
支払い.com,O19,2,=O20*PRODUCT(O6:O11),解約数の直値（整数）を 粗受注数×解約率 の数式に統一（G〜I列・他シートと同ロジック）
支払い.com,O5,=O6*O13,=O12*O13,売上＝純受注数×年間単価（顧問先数×単価は誤り）
支払い.com,P19,2,=P20*PRODUCT(P6:P11),解約数の直値（整数）を 粗受注数×解約率 の数式に統一（G〜I列・他シートと同ロジック）
支払い.com,P5,=P6*P13,=P12*P13,売上＝純受注数×年間単価（顧問先数×単価は誤り）
支払い.com,Q19,3,=Q20*PRODUCT(Q6:Q11),解約数の直値（整数）を 粗受注数×解約率 の数式に統一（G〜I列・他シートと同ロジック）
支払い.com,Q5,=Q6*Q13,=Q12*Q13,売上＝純受注数×年間単価（顧問先数×単価は誤り）
支払い.com,R19,3,=R20*PRODUCT(R6:R11),解約数の直値（整数）を 粗受注数×解約率 の数式に統一（G〜I列・他シートと同ロジック）
支払い.com,R5,=R6*R13,=R12*R13,売上＝純受注数×年間単価（顧問先数×単価は誤り）
支払い.com,S19,3,=S20*PRODUCT(S6:S11),解約数の直値（整数）を 粗受注数×解約率 の数式に統一（G〜I列・他シートと同ロジック）
支払い.com,S5,=S6*S13,=S12*S13,売上＝純受注数×年間単価（顧問先数×単価は誤り）
支払い.com,T19,4,=T20*PRODUCT(T6:T11),解約数の直値（整数）を 粗受注数×解約率 の数式に統一（G〜I列・他シートと同ロジック）
支払い.com,T5,=T6*T13,=T12*T13,売上＝純受注数×年間単価（顧問先数×単価は誤り）
支払い.com,U19,4,=U20*PRODUCT(U6:U11),解約数の直値（整数）を 粗受注数×解約率 の数式に統一（G〜I列・他シートと同ロジック）
支払い.com,U5,=U6*U13,=U12*U13,売上＝純受注数×年間単価（顧問先数×単価は誤り）
支払い.com,V19,4,=V20*PRODUCT(V6:V11),解約数の直値（整数）を 粗受注数×解約率 の数式に統一（G〜I列・他シートと同ロジック）
支払い.com,V5,=V6*V13,=V12*V13,売上＝純受注数×年間単価（顧問先数×単価は誤り）
支払い.com,W19,5,=W20*PRODUCT(W6:W11),解約数の直値（整数）を 粗受注数×解約率 の数式に統一（G〜I列・他シートと同ロジック）
支払い.com,W5,=W6*W13,=W12*W13,売上＝純受注数×年間単価（顧問先数×単価は誤り）
支払い.com,X19,5,=X20*PRODUCT(X6:X11),解約数の直値（整数）を 粗受注数×解約率 の数式に統一（G〜I列・他シートと同ロジック）
支払い.com,X5,=X6*X13,=X12*X13,売上＝純受注数×年間単価（顧問先数×単価は誤り）
支払い.com,Y19,5,=Y20*PRODUCT(Y6:Y11),解約数の直値（整数）を 粗受注数×解約率 の数式に統一（G〜I列・他シートと同ロジック）
支払い.com,Y5,=Y6*Y13,=Y12*Y13,売上＝純受注数×年間単価（顧問先数×単価は誤り）
支払い.com,Z19,6,=Z20*PRODUCT(Z6:Z11),解約数の直値（整数）を 粗受注数×解約率 の数式に統一（G〜I列・他シートと同ロジック）
支払い.com,Z5,=Z6*Z13,=Z12*Z13,売上＝純受注数×年間単価（顧問先数×単価は誤り）
支払い.com,AA19,6,=AA20*PRODUCT(AA6:AA11),解約数の直値（整数）を 粗受注数×解約率 の数式に統一（G〜I列・他シートと同ロジック）
支払い.com,AA5,=AA6*AA13,=AA12*AA13,売上＝純受注数×年間単価（顧問先数×単価は誤り）
支払い.com,AB19,6,=AB20*PRODUCT(AB6:AB11),解約数の直値（整数）を 粗受注数×解約率 の数式に統一（G〜I列・他シートと同ロジック）
支払い.com,AB5,=AB6*AB13,=AB12*AB13,売上＝純受注数×年間単価（顧問先数×単価は誤り）
支払い.com,AC19,7,=AC20*PRODUCT(AC6:AC11),解約数の直値（整数）を 粗受注数×解約率 の数式に統一（G〜I列・他シートと同ロジック）
支払い.com,AC5,=AC6*AC13,=AC12*AC13,売上＝純受注数×年間単価（顧問先数×単価は誤り）
支払い.com,AD19,5,=AD20*PRODUCT(AD6:AD11),解約数の直値（整数）を 粗受注数×解約率 の数式に統一（G〜I列・他シートと同ロジック）
支払い.com,AD5,=AD6*AD13,=AD12*AD13,売上＝純受注数×年間単価（顧問先数×単価は誤り）
支払い.com,AE19,6,=AE20*PRODUCT(AE6:AE11),解約数の直値（整数）を 粗受注数×解約率 の数式に統一（G〜I列・他シートと同ロジック）
支払い.com,AE5,=AE6*AE13,=AE12*AE13,売上＝純受注数×年間単価（顧問先数×単価は誤り）
支払い.com,AF19,6,=AF20*PRODUCT(AF6:AF11),解約数の直値（整数）を 粗受注数×解約率 の数式に統一（G〜I列・他シートと同ロジック）
支払い.com,AF5,=AF6*AF13,=AF12*AF13,売上＝純受注数×年間単価（顧問先数×単価は誤り）
支払い.com,AG19,6,=AG20*PRODUCT(AG6:AG11),解約数の直値（整数）を 粗受注数×解約率 の数式に統一（G〜I列・他シートと同ロジック）
支払い.com,AG5,=AG6*AG13,=AG12*AG13,売上＝純受注数×年間単価（顧問先数×単価は誤り）
支払い.com,AH19,7,=AH20*PRODUCT(AH6:AH11),解約数の直値（整数）を 粗受注数×解約率 の数式に統一（G〜I列・他シートと同ロジック）
支払い.com,AH5,=AH6*AH13,=AH12*AH13,売上＝純受注数×年間単価（顧問先数×単価は誤り）
支払い.com,AI19,7,=AI20*PRODUCT(AI6:AI11),解約数の直値（整数）を 粗受注数×解約率 の数式に統一（G〜I列・他シートと同ロジック）
支払い.com,AI5,=AI6*AI13,=AI12*AI13,売上＝純受注数×年間単価（顧問先数×単価は誤り）
支払い.com,AJ19,8,=AJ20*PRODUCT(AJ6:AJ11),解約数の直値（整数）を 粗受注数×解約率 の数式に統一（G〜I列・他シートと同ロジック）
支払い.com,AJ5,=AJ6*AJ13,=AJ12*AJ13,売上＝純受注数×年間単価（顧問先数×単価は誤り）
支払い.com,AK19,8,=AK20*PRODUCT(AK6:AK11),解約数の直値（整数）を 粗受注数×解約率 の数式に統一（G〜I列・他シートと同ロジック）
支払い.com,AK5,=AK6*AK13,=AK12*AK13,売上＝純受注数×年間単価（顧問先数×単価は誤り）
支払い.com,AL19,8,=AL20*PRODUCT(AL6:AL11),解約数の直値（整数）を 粗受注数×解約率 の数式に統一（G〜I列・他シートと同ロジック）
支払い.com,AL5,=AL6*AL13,=AL12*AL13,売上＝純受注数×年間単価（顧問先数×単価は誤り）
支払い.com,AM19,9,=AM20*PRODUCT(AM6:AM11),解約数の直値（整数）を 粗受注数×解約率 の数式に統一（G〜I列・他シートと同ロジック）
支払い.com,AM5,=AM6*AM13,=AM12*AM13,売上＝純受注数×年間単価（顧問先数×単価は誤り）
支払い.com,AN19,9,=AN20*PRODUCT(AN6:AN11),解約数の直値（整数）を 粗受注数×解約率 の数式に統一（G〜I列・他シートと同ロジック）
支払い.com,AN5,=AN6*AN13,=AN12*AN13,売上＝純受注数×年間単価（顧問先数×単価は誤り）
支払い.com,AO19,9,=AO20*PRODUCT(AO6:AO11),解約数の直値（整数）を 粗受注数×解約率 の数式に統一（G〜I列・他シートと同ロジック）
支払い.com,AO5,=AO6*AO13,=AO12*AO13,売上＝純受注数×年間単価（顧問先数×単価は誤り）
支払い.com,AP19,10,=AP20*PRODUCT(AP6:AP11),解約数の直値（整数）を 粗受注数×解約率 の数式に統一（G〜I列・他シートと同ロジック）
支払い.com,AP5,=AP6*AP13,=AP12*AP13,売上＝純受注数×年間単価（顧問先数×単価は誤り）
支払い.com,AQ19,10,=AQ20*PRODUCT(AQ6:AQ11),解約数の直値（整数）を 粗受注数×解約率 の数式に統一（G〜I列・他シートと同ロジック）
支払い.com,AQ5,=AQ6*AQ13,=AQ12*AQ13,売上＝純受注数×年間単価（顧問先数×単価は誤り）
支払い.com,AR19,11,=AR20*PRODUCT(AR6:AR11),解約数の直値（整数）を 粗受注数×解約率 の数式に統一（G〜I列・他シートと同ロジック）
支払い.com,AR5,=AR6*AR13,=AR12*AR13,売上＝純受注数×年間単価（顧問先数×単価は誤り）
支払い.com,AS19,11,=AS20*PRODUCT(AS6:AS11),解約数の直値（整数）を 粗受注数×解約率 の数式に統一（G〜I列・他シートと同ロジック）
支払い.com,AS5,=AS6*AS13,=AS12*AS13,売上＝純受注数×年間単価（顧問先数×単価は誤り）
支払い.com,AT19,12,=AT20*PRODUCT(AT6:AT11),解約数の直値（整数）を 粗受注数×解約率 の数式に統一（G〜I列・他シートと同ロジック）
支払い.com,AT5,=AT6*AT13,=AT12*AT13,売上＝純受注数×年間単価（顧問先数×単価は誤り）
支払い.com,AU19,12,=AU20*PRODUCT(AU6:AU11),解約数の直値（整数）を 粗受注数×解約率 の数式に統一（G〜I列・他シートと同ロジック）
支払い.com,AU5,=AU6*AU13,=AU12*AU13,売上＝純受注数×年間単価（顧問先数×単価は誤り）
支払い.com,AV19,12,=AV20*PRODUCT(AV6:AV11),解約数の直値（整数）を 粗受注数×解約率 の数式に統一（G〜I列・他シートと同ロジック）
支払い.com,AV5,=AV6*AV13,=AV12*AV13,売上＝純受注数×年間単価（顧問先数×単価は誤り）
支払い.com,AW19,13,=AW20*PRODUCT(AW6:AW11),解約数の直値（整数）を 粗受注数×解約率 の数式に統一（G〜I列・他シートと同ロジック）
支払い.com,AW5,=AW6*AW13,=AW12*AW13,売上＝純受注数×年間単価（顧問先数×単価は誤り）
支払い.com,AX19,13,=AX20*PRODUCT(AX6:AX11),解約数の直値（整数）を 粗受注数×解約率 の数式に統一（G〜I列・他シートと同ロジック）
支払い.com,AX5,=AX6*AX13,=AX12*AX13,売上＝純受注数×年間単価（顧問先数×単価は誤り）
支払い.com,AY19,14,=AY20*PRODUCT(AY6:AY11),解約数の直値（整数）を 粗受注数×解約率 の数式に統一（G〜I列・他シートと同ロジック）
支払い.com,AY5,=AY6*AY13,=AY12*AY13,売上＝純受注数×年間単価（顧問先数×単価は誤り）
支払い.com,AZ19,14,=AZ20*PRODUCT(AZ6:AZ11),解約数の直値（整数）を 粗受注数×解約率 の数式に統一（G〜I列・他シートと同ロジック）
支払い.com,AZ5,=AZ6*AZ13,=AZ12*AZ13,売上＝純受注数×年間単価（顧問先数×単価は誤り）
支払い.com,BA19,15,=BA20*PRODUCT(BA6:BA11),解約数の直値（整数）を 粗受注数×解約率 の数式に統一（G〜I列・他シートと同ロジック）
支払い.com,BA5,=BA6*BA13,=BA12*BA13,売上＝純受注数×年間単価（顧問先数×単価は誤り）
支払い.com,BB19,10,=BB20*PRODUCT(BB6:BB11),解約数の直値（整数）を 粗受注数×解約率 の数式に統一（G〜I列・他シートと同ロジック）
支払い.com,BB5,=BB6*BB13,=BB12*BB13,売上＝純受注数×年間単価（顧問先数×単価は誤り）
支払い.com,BC19,10,=BC20*PRODUCT(BC6:BC11),解約数の直値（整数）を 粗受注数×解約率 の数式に統一（G〜I列・他シートと同ロジック）
支払い.com,BC5,=BC6*BC13,=BC12*BC13,売上＝純受注数×年間単価（顧問先数×単価は誤り）
支払い.com,BD19,11,=BD20*PRODUCT(BD6:BD11),解約数の直値（整数）を 粗受注数×解約率 の数式に統一（G〜I列・他シートと同ロジック）
支払い.com,BD5,=BD6*BD13,=BD12*BD13,売上＝純受注数×年間単価（顧問先数×単価は誤り）
支払い.com,BE19,11,=BE20*PRODUCT(BE6:BE11),解約数の直値（整数）を 粗受注数×解約率 の数式に統一（G〜I列・他シートと同ロジック）
支払い.com,BE5,=BE6*BE13,=BE12*BE13,売上＝純受注数×年間単価（顧問先数×単価は誤り）
支払い.com,BF19,12,=BF20*PRODUCT(BF6:BF11),解約数の直値（整数）を 粗受注数×解約率 の数式に統一（G〜I列・他シートと同ロジック）
支払い.com,BF5,=BF6*BF13,=BF12*BF13,売上＝純受注数×年間単価（顧問先数×単価は誤り）
支払い.com,BG19,12,=BG20*PRODUCT(BG6:BG11),解約数の直値（整数）を 粗受注数×解約率 の数式に統一（G〜I列・他シートと同ロジック）
支払い.com,BG5,=BG6*BG13,=BG12*BG13,売上＝純受注数×年間単価（顧問先数×単価は誤り）
支払い.com,BH19,12,=BH20*PRODUCT(BH6:BH11),解約数の直値（整数）を 粗受注数×解約率 の数式に統一（G〜I列・他シートと同ロジック）
支払い.com,BH5,=BH6*BH13,=BH12*BH13,売上＝純受注数×年間単価（顧問先数×単価は誤り）
支払い.com,BI19,13,=BI20*PRODUCT(BI6:BI11),解約数の直値（整数）を 粗受注数×解約率 の数式に統一（G〜I列・他シートと同ロジック）
支払い.com,BI5,=BI6*BI13,=BI12*BI13,売上＝純受注数×年間単価（顧問先数×単価は誤り）
支払い.com,BJ19,13,=BJ20*PRODUCT(BJ6:BJ11),解約数の直値（整数）を 粗受注数×解約率 の数式に統一（G〜I列・他シートと同ロジック）
支払い.com,BJ5,=BJ6*BJ13,=BJ12*BJ13,売上＝純受注数×年間単価（顧問先数×単価は誤り）
支払い.com,BK19,13,=BK20*PRODUCT(BK6:BK11),解約数の直値（整数）を 粗受注数×解約率 の数式に統一（G〜I列・他シートと同ロジック）
支払い.com,BK5,=BK6*BK13,=BK12*BK13,売上＝純受注数×年間単価（顧問先数×単価は誤り）
支払い.com,BL19,14,=BL20*PRODUCT(BL6:BL11),解約数の直値（整数）を 粗受注数×解約率 の数式に統一（G〜I列・他シートと同ロジック）
支払い.com,BL5,=BL6*BL13,=BL12*BL13,売上＝純受注数×年間単価（顧問先数×単価は誤り）
支払い.com,BM19,14,=BM20*PRODUCT(BM6:BM11),解約数の直値（整数）を 粗受注数×解約率 の数式に統一（G〜I列・他シートと同ロジック）
支払い.com,BM5,=BM6*BM13,=BM12*BM13,売上＝純受注数×年間単価（顧問先数×単価は誤り）
支払い.com,BN5,=BN12*BN13*12,=BN12*BN13,"年間単価1,500円に×12しており二重年換算 → ×12を削除"
支払い.com,BO5,=BO12*BO13*12,=BO12*BO13,"年間単価1,500円に×12しており二重年換算 → ×12を削除"
支払い.com,BP5,=BP12*BP13*12,=BP12*BP13,"年間単価1,500円に×12しており二重年換算 → ×12を削除"
支払い.com,BQ5,=BQ12*BQ13*12,=BQ12*BQ13,"年間単価1,500円に×12しており二重年換算 → ×12を削除"
支払い.com,BR5,=BR12*BR13*12,=BR12*BR13,"年間単価1,500円に×12しており二重年換算 → ×12を削除"
支払い.com,BP19,=SUM(AE19:AP19),=SUM(AD19:AO19),Y3年間解約合計の集計範囲が1ヶ月ずれ（AE:AP→AD:AO）
PB,F6,=35*F17,=35*F15,顧問先が解約予想数(17行)を参照していた誤り → 税理士数(15行)×35
PB,F17,=F16*F18,=F18*PRODUCT(F6:F9),解約数＝粗受注数×解約率（循環回避のため粗受注を直接参照）
PB,F10,=F9*F8*F7*F6,=PRODUCT(F6:F9) - F17,純受注数＝粗受注数－解約数（解約未控除だった）
PB,G17,=G18*G10,=G18*PRODUCT(G6:G9),解約数＝粗受注数×解約率（循環回避のため粗受注を直接参照）
PB,G10,=G9*G8*G7*G6,=PRODUCT(G6:G9) - G17,純受注数＝粗受注数－解約数（解約未控除だった）
PB,H17,=H18*H10,=H18*PRODUCT(H6:H9),解約数＝粗受注数×解約率（循環回避のため粗受注を直接参照）
PB,H10,=H9*H8*H7*H6,=PRODUCT(H6:H9) - H17,純受注数＝粗受注数－解約数（解約未控除だった）
PB,I17,=I18*I10,=I18*PRODUCT(I6:I9),解約数＝粗受注数×解約率（循環回避のため粗受注を直接参照）
PB,I10,=I9*I8*I7*I6,=PRODUCT(I6:I9) - I17,純受注数＝粗受注数－解約数（解約未控除だった）
PB,J17,=J18*J10,=J18*PRODUCT(J6:J9),解約数＝粗受注数×解約率（循環回避のため粗受注を直接参照）
PB,J10,=J9*J8*J7*J6,=PRODUCT(J6:J9) - J17,純受注数＝粗受注数－解約数（解約未控除だった）
PB,K17,=K18*K10,=K18*PRODUCT(K6:K9),解約数＝粗受注数×解約率（循環回避のため粗受注を直接参照）
PB,K10,=K9*K8*K7*K6,=PRODUCT(K6:K9) - K17,純受注数＝粗受注数－解約数（解約未控除だった）
PB,L17,=L18*L10,=L18*PRODUCT(L6:L9),解約数＝粗受注数×解約率（循環回避のため粗受注を直接参照）
PB,L10,=L9*L8*L7*L6,=PRODUCT(L6:L9) - L17,純受注数＝粗受注数－解約数（解約未控除だった）
PB,M17,=M18*M10,=M18*PRODUCT(M6:M9),解約数＝粗受注数×解約率（循環回避のため粗受注を直接参照）
PB,M10,=M9*M8*M7*M6,=PRODUCT(M6:M9) - M17,純受注数＝粗受注数－解約数（解約未控除だった）
PB,N17,=N18*N10,=N18*PRODUCT(N6:N9),解約数＝粗受注数×解約率（循環回避のため粗受注を直接参照）
PB,N10,=N9*N8*N7*N6,=PRODUCT(N6:N9) - N17,純受注数＝粗受注数－解約数（解約未控除だった）
PB,O17,=O18*O10,=O18*PRODUCT(O6:O9),解約数＝粗受注数×解約率（循環回避のため粗受注を直接参照）
PB,O10,=O9*O8*O7*O6,=PRODUCT(O6:O9) - O17,純受注数＝粗受注数－解約数（解約未控除だった）
PB,P17,=P18*P10,=P18*PRODUCT(P6:P9),解約数＝粗受注数×解約率（循環回避のため粗受注を直接参照）
PB,P10,=P9*P8*P7*P6,=PRODUCT(P6:P9) - P17,純受注数＝粗受注数－解約数（解約未控除だった）
PB,Q17,=Q18*Q10,=Q18*PRODUCT(Q6:Q9),解約数＝粗受注数×解約率（循環回避のため粗受注を直接参照）
PB,Q10,=Q9*Q8*Q7*Q6,=PRODUCT(Q6:Q9) - Q17,純受注数＝粗受注数－解約数（解約未控除だった）
PB,R17,=R18*R10,=R18*PRODUCT(R6:R9),解約数＝粗受注数×解約率（循環回避のため粗受注を直接参照）
PB,R10,=R9*R8*R7*R6,=PRODUCT(R6:R9) - R17,純受注数＝粗受注数－解約数（解約未控除だった）
PB,S17,=S18*S10,=S18*PRODUCT(S6:S9),解約数＝粗受注数×解約率（循環回避のため粗受注を直接参照）
PB,S10,=S9*S8*S7*S6,=PRODUCT(S6:S9) - S17,純受注数＝粗受注数－解約数（解約未控除だった）
PB,T17,=T18*T10,=T18*PRODUCT(T6:T9),解約数＝粗受注数×解約率（循環回避のため粗受注を直接参照）
PB,T10,=T9*T8*T7*T6,=PRODUCT(T6:T9) - T17,純受注数＝粗受注数－解約数（解約未控除だった）
PB,U17,=U18*U10,=U18*PRODUCT(U6:U9),解約数＝粗受注数×解約率（循環回避のため粗受注を直接参照）
PB,U10,=U9*U8*U7*U6,=PRODUCT(U6:U9) - U17,純受注数＝粗受注数－解約数（解約未控除だった）
PB,V17,=V18*V10,=V18*PRODUCT(V6:V9),解約数＝粗受注数×解約率（循環回避のため粗受注を直接参照）
PB,V10,=V9*V8*V7*V6,=PRODUCT(V6:V9) - V17,純受注数＝粗受注数－解約数（解約未控除だった）
PB,W17,=W18*W10,=W18*PRODUCT(W6:W9),解約数＝粗受注数×解約率（循環回避のため粗受注を直接参照）
PB,W10,=W9*W8*W7*W6,=PRODUCT(W6:W9) - W17,純受注数＝粗受注数－解約数（解約未控除だった）
PB,X17,=X18*X10,=X18*PRODUCT(X6:X9),解約数＝粗受注数×解約率（循環回避のため粗受注を直接参照）
PB,X10,=X9*X8*X7*X6,=PRODUCT(X6:X9) - X17,純受注数＝粗受注数－解約数（解約未控除だった）
PB,Y17,=Y18*Y10,=Y18*PRODUCT(Y6:Y9),解約数＝粗受注数×解約率（循環回避のため粗受注を直接参照）
PB,Y10,=Y9*Y8*Y7*Y6,=PRODUCT(Y6:Y9) - Y17,純受注数＝粗受注数－解約数（解約未控除だった）
PB,Z17,=Z18*Z10,=Z18*PRODUCT(Z6:Z9),解約数＝粗受注数×解約率（循環回避のため粗受注を直接参照）
PB,Z10,=Z9*Z8*Z7*Z6,=PRODUCT(Z6:Z9) - Z17,純受注数＝粗受注数－解約数（解約未控除だった）
PB,AA17,=AA18*AA10,=AA18*PRODUCT(AA6:AA9),解約数＝粗受注数×解約率（循環回避のため粗受注を直接参照）
PB,AA10,=AA9*AA8*AA7*AA6,=PRODUCT(AA6:AA9) - AA17,純受注数＝粗受注数－解約数（解約未控除だった）
PB,AB17,=AB18*AB10,=AB18*PRODUCT(AB6:AB9),解約数＝粗受注数×解約率（循環回避のため粗受注を直接参照）
PB,AB10,=AB9*AB8*AB7*AB6,=PRODUCT(AB6:AB9) - AB17,純受注数＝粗受注数－解約数（解約未控除だった）
PB,AC17,=AC18*AC10,=AC18*PRODUCT(AC6:AC9),解約数＝粗受注数×解約率（循環回避のため粗受注を直接参照）
PB,AC10,=AC9*AC8*AC7*AC6,=PRODUCT(AC6:AC9) - AC17,純受注数＝粗受注数－解約数（解約未控除だった）
PB,AD17,=AD18*AD10,=AD18*PRODUCT(AD6:AD9),解約数＝粗受注数×解約率（循環回避のため粗受注を直接参照）
PB,AD10,=AD9*AD8*AD7*AD6,=PRODUCT(AD6:AD9) - AD17,純受注数＝粗受注数－解約数（解約未控除だった）
PB,AE17,=AE18*AE10,=AE18*PRODUCT(AE6:AE9),解約数＝粗受注数×解約率（循環回避のため粗受注を直接参照）
PB,AE10,=AE9*AE8*AE7*AE6,=PRODUCT(AE6:AE9) - AE17,純受注数＝粗受注数－解約数（解約未控除だった）
PB,AF17,=AF18*AF10,=AF18*PRODUCT(AF6:AF9),解約数＝粗受注数×解約率（循環回避のため粗受注を直接参照）
PB,AF10,=AF9*AF8*AF7*AF6,=PRODUCT(AF6:AF9) - AF17,純受注数＝粗受注数－解約数（解約未控除だった）
PB,AG17,=AG18*AG10,=AG18*PRODUCT(AG6:AG9),解約数＝粗受注数×解約率（循環回避のため粗受注を直接参照）
PB,AG10,=AG9*AG8*AG7*AG6,=PRODUCT(AG6:AG9) - AG17,純受注数＝粗受注数－解約数（解約未控除だった）
PB,AH17,=AH18*AH10,=AH18*PRODUCT(AH6:AH9),解約数＝粗受注数×解約率（循環回避のため粗受注を直接参照）
PB,AH10,=AH9*AH8*AH7*AH6,=PRODUCT(AH6:AH9) - AH17,純受注数＝粗受注数－解約数（解約未控除だった）
PB,AI17,=AI18*AI10,=AI18*PRODUCT(AI6:AI9),解約数＝粗受注数×解約率（循環回避のため粗受注を直接参照）
PB,AI10,=AI9*AI8*AI7*AI6,=PRODUCT(AI6:AI9) - AI17,純受注数＝粗受注数－解約数（解約未控除だった）
PB,AJ17,=AJ18*AJ10,=AJ18*PRODUCT(AJ6:AJ9),解約数＝粗受注数×解約率（循環回避のため粗受注を直接参照）
PB,AJ10,=AJ9*AJ8*AJ7*AJ6,=PRODUCT(AJ6:AJ9) - AJ17,純受注数＝粗受注数－解約数（解約未控除だった）
PB,AK17,=AK18*AK10,=AK18*PRODUCT(AK6:AK9),解約数＝粗受注数×解約率（循環回避のため粗受注を直接参照）
PB,AK10,=AK9*AK8*AK7*AK6,=PRODUCT(AK6:AK9) - AK17,純受注数＝粗受注数－解約数（解約未控除だった）
PB,AL17,=AL18*AL10,=AL18*PRODUCT(AL6:AL9),解約数＝粗受注数×解約率（循環回避のため粗受注を直接参照）
PB,AL10,=AL9*AL8*AL7*AL6,=PRODUCT(AL6:AL9) - AL17,純受注数＝粗受注数－解約数（解約未控除だった）
PB,AM17,=AM18*AM10,=AM18*PRODUCT(AM6:AM9),解約数＝粗受注数×解約率（循環回避のため粗受注を直接参照）
PB,AM10,=AM9*AM8*AM7*AM6,=PRODUCT(AM6:AM9) - AM17,純受注数＝粗受注数－解約数（解約未控除だった）
PB,AN17,=AN18*AN10,=AN18*PRODUCT(AN6:AN9),解約数＝粗受注数×解約率（循環回避のため粗受注を直接参照）
PB,AN10,=AN9*AN8*AN7*AN6,=PRODUCT(AN6:AN9) - AN17,純受注数＝粗受注数－解約数（解約未控除だった）
PB,AO17,=AO18*AO10,=AO18*PRODUCT(AO6:AO9),解約数＝粗受注数×解約率（循環回避のため粗受注を直接参照）
PB,AO10,=AO9*AO8*AO7*AO6,=PRODUCT(AO6:AO9) - AO17,純受注数＝粗受注数－解約数（解約未控除だった）
PB,AP17,=AP18*AP10,=AP18*PRODUCT(AP6:AP9),解約数＝粗受注数×解約率（循環回避のため粗受注を直接参照）
PB,AP10,=AP9*AP8*AP7*AP6,=PRODUCT(AP6:AP9) - AP17,純受注数＝粗受注数－解約数（解約未控除だった）
PB,AQ17,=AQ18*AQ10,=AQ18*PRODUCT(AQ6:AQ9),解約数＝粗受注数×解約率（循環回避のため粗受注を直接参照）
PB,AQ10,=AQ9*AQ8*AQ7*AQ6,=PRODUCT(AQ6:AQ9) - AQ17,純受注数＝粗受注数－解約数（解約未控除だった）
PB,AR17,=AR18*AR10,=AR18*PRODUCT(AR6:AR9),解約数＝粗受注数×解約率（循環回避のため粗受注を直接参照）
PB,AR10,=AR9*AR8*AR7*AR6,=PRODUCT(AR6:AR9) - AR17,純受注数＝粗受注数－解約数（解約未控除だった）
PB,AS17,=AS18*AS10,=AS18*PRODUCT(AS6:AS9),解約数＝粗受注数×解約率（循環回避のため粗受注を直接参照）
PB,AS10,=AS9*AS8*AS7*AS6,=PRODUCT(AS6:AS9) - AS17,純受注数＝粗受注数－解約数（解約未控除だった）
PB,AT17,=AT18*AT10,=AT18*PRODUCT(AT6:AT9),解約数＝粗受注数×解約率（循環回避のため粗受注を直接参照）
PB,AT10,=AT9*AT8*AT7*AT6,=PRODUCT(AT6:AT9) - AT17,純受注数＝粗受注数－解約数（解約未控除だった）
PB,AU17,=AU18*AU10,=AU18*PRODUCT(AU6:AU9),解約数＝粗受注数×解約率（循環回避のため粗受注を直接参照）
PB,AU10,=AU9*AU8*AU7*AU6,=PRODUCT(AU6:AU9) - AU17,純受注数＝粗受注数－解約数（解約未控除だった）
PB,AV17,=AV18*AV10,=AV18*PRODUCT(AV6:AV9),解約数＝粗受注数×解約率（循環回避のため粗受注を直接参照）
PB,AV10,=AV9*AV8*AV7*AV6,=PRODUCT(AV6:AV9) - AV17,純受注数＝粗受注数－解約数（解約未控除だった）
PB,AW17,=AW18*AW10,=AW18*PRODUCT(AW6:AW9),解約数＝粗受注数×解約率（循環回避のため粗受注を直接参照）
PB,AW10,=AW9*AW8*AW7*AW6,=PRODUCT(AW6:AW9) - AW17,純受注数＝粗受注数－解約数（解約未控除だった）
PB,AX17,=AX18*AX10,=AX18*PRODUCT(AX6:AX9),解約数＝粗受注数×解約率（循環回避のため粗受注を直接参照）
PB,AX10,=AX9*AX8*AX7*AX6,=PRODUCT(AX6:AX9) - AX17,純受注数＝粗受注数－解約数（解約未控除だった）
PB,AY17,=AY18*AY10,=AY18*PRODUCT(AY6:AY9),解約数＝粗受注数×解約率（循環回避のため粗受注を直接参照）
PB,AY10,=AY9*AY8*AY7*AY6,=PRODUCT(AY6:AY9) - AY17,純受注数＝粗受注数－解約数（解約未控除だった）
PB,AZ17,=AZ18*AZ10,=AZ18*PRODUCT(AZ6:AZ9),解約数＝粗受注数×解約率（循環回避のため粗受注を直接参照）
PB,AZ10,=AZ9*AZ8*AZ7*AZ6,=PRODUCT(AZ6:AZ9) - AZ17,純受注数＝粗受注数－解約数（解約未控除だった）
PB,BA17,=BA18*BA10,=BA18*PRODUCT(BA6:BA9),解約数＝粗受注数×解約率（循環回避のため粗受注を直接参照）
PB,BA10,=BA9*BA8*BA7*BA6,=PRODUCT(BA6:BA9) - BA17,純受注数＝粗受注数－解約数（解約未控除だった）
PB,BB17,=BB18*BB10,=BB18*PRODUCT(BB6:BB9),解約数＝粗受注数×解約率（循環回避のため粗受注を直接参照）
PB,BB10,=BB9*BB8*BB7*BB6,=PRODUCT(BB6:BB9) - BB17,純受注数＝粗受注数－解約数（解約未控除だった）
PB,BC17,=BC18*BC10,=BC18*PRODUCT(BC6:BC9),解約数＝粗受注数×解約率（循環回避のため粗受注を直接参照）
PB,BC10,=BC9*BC8*BC7*BC6,=PRODUCT(BC6:BC9) - BC17,純受注数＝粗受注数－解約数（解約未控除だった）
PB,BD17,=BD18*BD10,=BD18*PRODUCT(BD6:BD9),解約数＝粗受注数×解約率（循環回避のため粗受注を直接参照）
PB,BD10,=BD9*BD8*BD7*BD6,=PRODUCT(BD6:BD9) - BD17,純受注数＝粗受注数－解約数（解約未控除だった）
PB,BE17,=BE18*BE10,=BE18*PRODUCT(BE6:BE9),解約数＝粗受注数×解約率（循環回避のため粗受注を直接参照）
PB,BE10,=BE9*BE8*BE7*BE6,=PRODUCT(BE6:BE9) - BE17,純受注数＝粗受注数－解約数（解約未控除だった）
PB,BF17,=BF18*BF10,=BF18*PRODUCT(BF6:BF9),解約数＝粗受注数×解約率（循環回避のため粗受注を直接参照）
PB,BF10,=BF9*BF8*BF7*BF6,=PRODUCT(BF6:BF9) - BF17,純受注数＝粗受注数－解約数（解約未控除だった）
PB,BG17,=BG18*BG10,=BG18*PRODUCT(BG6:BG9),解約数＝粗受注数×解約率（循環回避のため粗受注を直接参照）
PB,BG10,=BG9*BG8*BG7*BG6,=PRODUCT(BG6:BG9) - BG17,純受注数＝粗受注数－解約数（解約未控除だった）
PB,BH17,=BH18*BH10,=BH18*PRODUCT(BH6:BH9),解約数＝粗受注数×解約率（循環回避のため粗受注を直接参照）
PB,BH10,=BH9*BH8*BH7*BH6,=PRODUCT(BH6:BH9) - BH17,純受注数＝粗受注数－解約数（解約未控除だった）
PB,BI17,=BI18*BI10,=BI18*PRODUCT(BI6:BI9),解約数＝粗受注数×解約率（循環回避のため粗受注を直接参照）
PB,BI10,=BI9*BI8*BI7*BI6,=PRODUCT(BI6:BI9) - BI17,純受注数＝粗受注数－解約数（解約未控除だった）
PB,BJ17,=BJ18*BJ10,=BJ18*PRODUCT(BJ6:BJ9),解約数＝粗受注数×解約率（循環回避のため粗受注を直接参照）
PB,BJ10,=BJ9*BJ8*BJ7*BJ6,=PRODUCT(BJ6:BJ9) - BJ17,純受注数＝粗受注数－解約数（解約未控除だった）
PB,BK17,=BK18*BK10,=BK18*PRODUCT(BK6:BK9),解約数＝粗受注数×解約率（循環回避のため粗受注を直接参照）
PB,BK10,=BK9*BK8*BK7*BK6,=PRODUCT(BK6:BK9) - BK17,純受注数＝粗受注数－解約数（解約未控除だった）
PB,BL17,=BL18*BL10,=BL18*PRODUCT(BL6:BL9),解約数＝粗受注数×解約率（循環回避のため粗受注を直接参照）
PB,BL10,=BL9*BL8*BL7*BL6,=PRODUCT(BL6:BL9) - BL17,純受注数＝粗受注数－解約数（解約未控除だった）
PB,BM17,=BM18*BM10,=BM18*PRODUCT(BM6:BM9),解約数＝粗受注数×解約率（循環回避のため粗受注を直接参照）
PB,BM10,=BM9*BM8*BM7*BM6,=PRODUCT(BM6:BM9) - BM17,純受注数＝粗受注数－解約数（解約未控除だった）
PB,BN10,=BN9*BN8*BN7*BN6,=PRODUCT(BN6:BN9) - BN17,純受注数＝粗受注数－解約数（解約未控除だった）
PB,BO10,=BO9*BO8*BO7*BO6,=PRODUCT(BO6:BO9) - BO17,純受注数＝粗受注数－解約数（解約未控除だった）
PB,BP10,=BP9*BP8*BP7*BP6,=PRODUCT(BP6:BP9) - BP17,純受注数＝粗受注数－解約数（解約未控除だった）
PB,BQ10,=BQ9*BQ8*BQ7*BQ6,=PRODUCT(BQ6:BQ9) - BQ17,純受注数＝粗受注数－解約数（解約未控除だった）
PB,BR10,=BR9*BR8*BR7*BR6,=PRODUCT(BR6:BR9) - BR17,純受注数＝粗受注数－解約数（解約未控除だった）
PB,F5,0,=F10*F11,売上を数式化（F列のみ直値0）
PB,BN11,=BN12*12*BN13,=BN12*BN13,"年次列の毎月積立額が既に年額(300,000×12)のため、さらに×12で単価25,920円/年に過大化 → 2,160円/年に修正"
PB,BN5,=BN11*BN10*12,=BN10*BN11,"年間単価(2,160円)に×12しており二重年換算 → ×12を削除"
PB,BO11,=BO12*12*BO13,=BO12*BO13,"年次列の毎月積立額が既に年額(300,000×12)のため、さらに×12で単価25,920円/年に過大化 → 2,160円/年に修正"
PB,BO5,=BO11*BO10*12,=BO10*BO11,"年間単価(2,160円)に×12しており二重年換算 → ×12を削除"
PB,BP11,=BP12*12*BP13,=BP12*BP13,"年次列の毎月積立額が既に年額(300,000×12)のため、さらに×12で単価25,920円/年に過大化 → 2,160円/年に修正"
PB,BP5,=BP11*BP10*12,=BP10*BP11,"年間単価(2,160円)に×12しており二重年換算 → ×12を削除"
PB,BQ11,=BQ12*12*BQ13,=BQ12*BQ13,"年次列の毎月積立額が既に年額(300,000×12)のため、さらに×12で単価25,920円/年に過大化 → 2,160円/年に修正"
PB,BQ5,=BQ11*BQ10*12,=BQ10*BQ11,"年間単価(2,160円)に×12しており二重年換算 → ×12を削除"
PB,BR11,=BR12*12*BR13,=BR12*BR13,"年次列の毎月積立額が既に年額(300,000×12)のため、さらに×12で単価25,920円/年に過大化 → 2,160円/年に修正"
PB,BR5,=BR11*BR10*12,=BR10*BR11,"年間単価(2,160円)に×12しており二重年換算 → ×12を削除"
電力コスト削減,F20,=F17*F21,=F11*F21,解約数が紹介費用(17行)を参照していた誤り → 粗受注数×解約率
電力コスト削減,G20,=G21*G11,=G11*G21,売掛保証シートと同じ記法に統一（値は不変）
電力コスト削減,H20,=H21*H11,=H11*H21,売掛保証シートと同じ記法に統一（値は不変）
電力コスト削減,I20,=I21*I11,=I11*I21,売掛保証シートと同じ記法に統一（値は不変）
電力コスト削減,J20,=J21*J11,=J11*J21,売掛保証シートと同じ記法に統一（値は不変）
電力コスト削減,K20,=K21*K11,=K11*K21,売掛保証シートと同じ記法に統一（値は不変）
電力コスト削減,L20,=L21*L11,=L11*L21,売掛保証シートと同じ記法に統一（値は不変）
電力コスト削減,M20,=M21*M11,=M11*M21,売掛保証シートと同じ記法に統一（値は不変）
電力コスト削減,N20,=N21*N11,=N11*N21,売掛保証シートと同じ記法に統一（値は不変）
電力コスト削減,O20,=O21*O11,=O11*O21,売掛保証シートと同じ記法に統一（値は不変）
電力コスト削減,P20,=P21*P11,=P11*P21,売掛保証シートと同じ記法に統一（値は不変）
電力コスト削減,Q20,=Q21*Q11,=Q11*Q21,売掛保証シートと同じ記法に統一（値は不変）
電力コスト削減,R20,=R21*R11,=R11*R21,売掛保証シートと同じ記法に統一（値は不変）
電力コスト削減,S20,=S21*S11,=S11*S21,売掛保証シートと同じ記法に統一（値は不変）
電力コスト削減,T20,=T21*T11,=T11*T21,売掛保証シートと同じ記法に統一（値は不変）
電力コスト削減,U20,=U21*U11,=U11*U21,売掛保証シートと同じ記法に統一（値は不変）
電力コスト削減,V20,=V21*V11,=V11*V21,売掛保証シートと同じ記法に統一（値は不変）
電力コスト削減,W20,=W21*W11,=W11*W21,売掛保証シートと同じ記法に統一（値は不変）
電力コスト削減,X20,=X21*X11,=X11*X21,売掛保証シートと同じ記法に統一（値は不変）
電力コスト削減,Y20,=Y21*Y11,=Y11*Y21,売掛保証シートと同じ記法に統一（値は不変）
電力コスト削減,Z20,=Z21*Z11,=Z11*Z21,売掛保証シートと同じ記法に統一（値は不変）
電力コスト削減,AA20,=AA21*AA11,=AA11*AA21,売掛保証シートと同じ記法に統一（値は不変）
電力コスト削減,AB20,=AB21*AB11,=AB11*AB21,売掛保証シートと同じ記法に統一（値は不変）
電力コスト削減,AC20,=AC21*AC11,=AC11*AC21,売掛保証シートと同じ記法に統一（値は不変）
電力コスト削減,AD20,=AD21*AD11,=AD11*AD21,売掛保証シートと同じ記法に統一（値は不変）
電力コスト削減,AE20,=AE21*AE11,=AE11*AE21,売掛保証シートと同じ記法に統一（値は不変）
電力コスト削減,AF20,=AF21*AF11,=AF11*AF21,売掛保証シートと同じ記法に統一（値は不変）
電力コスト削減,AG20,=AG21*AG11,=AG11*AG21,売掛保証シートと同じ記法に統一（値は不変）
電力コスト削減,AH20,=AH21*AH11,=AH11*AH21,売掛保証シートと同じ記法に統一（値は不変）
電力コスト削減,AI20,=AI21*AI11,=AI11*AI21,売掛保証シートと同じ記法に統一（値は不変）
電力コスト削減,AJ20,=AJ21*AJ11,=AJ11*AJ21,売掛保証シートと同じ記法に統一（値は不変）
電力コスト削減,AK20,=AK21*AK11,=AK11*AK21,売掛保証シートと同じ記法に統一（値は不変）
電力コスト削減,AL20,=AL21*AL11,=AL11*AL21,売掛保証シートと同じ記法に統一（値は不変）
電力コスト削減,AM20,=AM21*AM11,=AM11*AM21,売掛保証シートと同じ記法に統一（値は不変）
電力コスト削減,AN20,=AN21*AN11,=AN11*AN21,売掛保証シートと同じ記法に統一（値は不変）
電力コスト削減,AO20,=AO21*AO11,=AO11*AO21,売掛保証シートと同じ記法に統一（値は不変）
電力コスト削減,AP20,=AP21*AP11,=AP11*AP21,売掛保証シートと同じ記法に統一（値は不変）
電力コスト削減,AQ20,=AQ21*AQ11,=AQ11*AQ21,売掛保証シートと同じ記法に統一（値は不変）
電力コスト削減,AR20,=AR21*AR11,=AR11*AR21,売掛保証シートと同じ記法に統一（値は不変）
電力コスト削減,AS20,=AS21*AS11,=AS11*AS21,売掛保証シートと同じ記法に統一（値は不変）
電力コスト削減,AT20,=AT21*AT11,=AT11*AT21,売掛保証シートと同じ記法に統一（値は不変）
電力コスト削減,AU20,=AU21*AU11,=AU11*AU21,売掛保証シートと同じ記法に統一（値は不変）
電力コスト削減,AV20,=AV21*AV11,=AV11*AV21,売掛保証シートと同じ記法に統一（値は不変）
電力コスト削減,AW20,=AW21*AW11,=AW11*AW21,売掛保証シートと同じ記法に統一（値は不変）
電力コスト削減,AX20,=AX21*AX11,=AX11*AX21,売掛保証シートと同じ記法に統一（値は不変）
電力コスト削減,AY20,=AY21*AY11,=AY11*AY21,売掛保証シートと同じ記法に統一（値は不変）
電力コスト削減,AZ20,=AZ21*AZ11,=AZ11*AZ21,売掛保証シートと同じ記法に統一（値は不変）
電力コスト削減,BA20,=BA21*BA11,=BA11*BA21,売掛保証シートと同じ記法に統一（値は不変）
電力コスト削減,BB20,=BB21*BB11,=BB11*BB21,売掛保証シートと同じ記法に統一（値は不変）
電力コスト削減,BC20,=BC21*BC11,=BC11*BC21,売掛保証シートと同じ記法に統一（値は不変）
電力コスト削減,BD20,=BD21*BD11,=BD11*BD21,売掛保証シートと同じ記法に統一（値は不変）
電力コスト削減,BE20,=BE21*BE11,=BE11*BE21,売掛保証シートと同じ記法に統一（値は不変）
電力コスト削減,BF20,=BF21*BF11,=BF11*BF21,売掛保証シートと同じ記法に統一（値は不変）
電力コスト削減,BG20,=BG21*BG11,=BG11*BG21,売掛保証シートと同じ記法に統一（値は不変）
電力コスト削減,BH20,=BH21*BH11,=BH11*BH21,売掛保証シートと同じ記法に統一（値は不変）
電力コスト削減,BI20,=BI21*BI11,=BI11*BI21,売掛保証シートと同じ記法に統一（値は不変）
電力コスト削減,BJ20,=BJ21*BJ11,=BJ11*BJ21,売掛保証シートと同じ記法に統一（値は不変）
電力コスト削減,BK20,=BK21*BK11,=BK11*BK21,売掛保証シートと同じ記法に統一（値は不変）
電力コスト削減,BL20,=BL21*BL11,=BL11*BL21,売掛保証シートと同じ記法に統一（値は不変）
電力コスト削減,BM20,=BM21*BM11,=BM11*BM21,売掛保証シートと同じ記法に統一（値は不変）
電力コスト削減,F5,=F16*F11,=(F11-F20)*F16*12,売上＝(粗受注－解約)×月額500円×12（解約未控除・月額のままだった）
電力コスト削減,G5,=G16*G11,=(G11-G20)*G16*12,売上＝(粗受注－解約)×月額500円×12（解約未控除・月額のままだった）
電力コスト削減,H5,=H16*H11,=(H11-H20)*H16*12,売上＝(粗受注－解約)×月額500円×12（解約未控除・月額のままだった）
電力コスト削減,I5,=I16*I11,=(I11-I20)*I16*12,売上＝(粗受注－解約)×月額500円×12（解約未控除・月額のままだった）
電力コスト削減,J5,=J16*J11,=(J11-J20)*J16*12,売上＝(粗受注－解約)×月額500円×12（解約未控除・月額のままだった）
電力コスト削減,K5,=K16*K11,=(K11-K20)*K16*12,売上＝(粗受注－解約)×月額500円×12（解約未控除・月額のままだった）
電力コスト削減,L5,=L16*L11,=(L11-L20)*L16*12,売上＝(粗受注－解約)×月額500円×12（解約未控除・月額のままだった）
電力コスト削減,M5,=M16*M11,=(M11-M20)*M16*12,売上＝(粗受注－解約)×月額500円×12（解約未控除・月額のままだった）
電力コスト削減,N5,=N16*N11,=(N11-N20)*N16*12,売上＝(粗受注－解約)×月額500円×12（解約未控除・月額のままだった）
電力コスト削減,O5,=O16*O11,=(O11-O20)*O16*12,売上＝(粗受注－解約)×月額500円×12（解約未控除・月額のままだった）
電力コスト削減,P5,=P16*P11,=(P11-P20)*P16*12,売上＝(粗受注－解約)×月額500円×12（解約未控除・月額のままだった）
電力コスト削減,Q5,=Q16*Q11,=(Q11-Q20)*Q16*12,売上＝(粗受注－解約)×月額500円×12（解約未控除・月額のままだった）
電力コスト削減,R5,=R16*R11,=(R11-R20)*R16*12,売上＝(粗受注－解約)×月額500円×12（解約未控除・月額のままだった）
電力コスト削減,S5,=S16*S11,=(S11-S20)*S16*12,売上＝(粗受注－解約)×月額500円×12（解約未控除・月額のままだった）
電力コスト削減,T5,=T16*T11,=(T11-T20)*T16*12,売上＝(粗受注－解約)×月額500円×12（解約未控除・月額のままだった）
電力コスト削減,U5,=U16*U11,=(U11-U20)*U16*12,売上＝(粗受注－解約)×月額500円×12（解約未控除・月額のままだった）
電力コスト削減,V5,=V16*V11,=(V11-V20)*V16*12,売上＝(粗受注－解約)×月額500円×12（解約未控除・月額のままだった）
電力コスト削減,W5,=W16*W11,=(W11-W20)*W16*12,売上＝(粗受注－解約)×月額500円×12（解約未控除・月額のままだった）
電力コスト削減,X5,=X16*X11,=(X11-X20)*X16*12,売上＝(粗受注－解約)×月額500円×12（解約未控除・月額のままだった）
電力コスト削減,Y5,=Y16*Y11,=(Y11-Y20)*Y16*12,売上＝(粗受注－解約)×月額500円×12（解約未控除・月額のままだった）
電力コスト削減,Z5,=Z16*Z11,=(Z11-Z20)*Z16*12,売上＝(粗受注－解約)×月額500円×12（解約未控除・月額のままだった）
電力コスト削減,AA5,=AA16*AA11,=(AA11-AA20)*AA16*12,売上＝(粗受注－解約)×月額500円×12（解約未控除・月額のままだった）
電力コスト削減,AB5,=AB16*AB11,=(AB11-AB20)*AB16*12,売上＝(粗受注－解約)×月額500円×12（解約未控除・月額のままだった）
電力コスト削減,AC5,=AC16*AC11,=(AC11-AC20)*AC16*12,売上＝(粗受注－解約)×月額500円×12（解約未控除・月額のままだった）
電力コスト削減,AD5,=AD16*AD11,=(AD11-AD20)*AD16*12,売上＝(粗受注－解約)×月額500円×12（解約未控除・月額のままだった）
電力コスト削減,AE5,=AE16*AE11,=(AE11-AE20)*AE16*12,売上＝(粗受注－解約)×月額500円×12（解約未控除・月額のままだった）
電力コスト削減,AF5,=AF16*AF11,=(AF11-AF20)*AF16*12,売上＝(粗受注－解約)×月額500円×12（解約未控除・月額のままだった）
電力コスト削減,AG5,=AG16*AG11,=(AG11-AG20)*AG16*12,売上＝(粗受注－解約)×月額500円×12（解約未控除・月額のままだった）
電力コスト削減,AH5,=AH16*AH11,=(AH11-AH20)*AH16*12,売上＝(粗受注－解約)×月額500円×12（解約未控除・月額のままだった）
電力コスト削減,AI5,=AI16*AI11,=(AI11-AI20)*AI16*12,売上＝(粗受注－解約)×月額500円×12（解約未控除・月額のままだった）
電力コスト削減,AJ5,=AJ16*AJ11,=(AJ11-AJ20)*AJ16*12,売上＝(粗受注－解約)×月額500円×12（解約未控除・月額のままだった）
電力コスト削減,AK5,=AK16*AK11,=(AK11-AK20)*AK16*12,売上＝(粗受注－解約)×月額500円×12（解約未控除・月額のままだった）
電力コスト削減,AL5,=AL16*AL11,=(AL11-AL20)*AL16*12,売上＝(粗受注－解約)×月額500円×12（解約未控除・月額のままだった）
電力コスト削減,AM5,=AM16*AM11,=(AM11-AM20)*AM16*12,売上＝(粗受注－解約)×月額500円×12（解約未控除・月額のままだった）
電力コスト削減,AN5,=AN16*AN11,=(AN11-AN20)*AN16*12,売上＝(粗受注－解約)×月額500円×12（解約未控除・月額のままだった）
電力コスト削減,AO5,=AO16*AO11,=(AO11-AO20)*AO16*12,売上＝(粗受注－解約)×月額500円×12（解約未控除・月額のままだった）
電力コスト削減,AP5,=AP16*AP11,=(AP11-AP20)*AP16*12,売上＝(粗受注－解約)×月額500円×12（解約未控除・月額のままだった）
電力コスト削減,AQ5,=AQ16*AQ11,=(AQ11-AQ20)*AQ16*12,売上＝(粗受注－解約)×月額500円×12（解約未控除・月額のままだった）
電力コスト削減,AR5,=AR16*AR11,=(AR11-AR20)*AR16*12,売上＝(粗受注－解約)×月額500円×12（解約未控除・月額のままだった）
電力コスト削減,AS5,=AS16*AS11,=(AS11-AS20)*AS16*12,売上＝(粗受注－解約)×月額500円×12（解約未控除・月額のままだった）
電力コスト削減,AT5,=AT16*AT11,=(AT11-AT20)*AT16*12,売上＝(粗受注－解約)×月額500円×12（解約未控除・月額のままだった）
電力コスト削減,AU5,=AU16*AU11,=(AU11-AU20)*AU16*12,売上＝(粗受注－解約)×月額500円×12（解約未控除・月額のままだった）
電力コスト削減,AV5,=AV16*AV11,=(AV11-AV20)*AV16*12,売上＝(粗受注－解約)×月額500円×12（解約未控除・月額のままだった）
電力コスト削減,AW5,=AW16*AW11,=(AW11-AW20)*AW16*12,売上＝(粗受注－解約)×月額500円×12（解約未控除・月額のままだった）
電力コスト削減,AX5,=AX16*AX11,=(AX11-AX20)*AX16*12,売上＝(粗受注－解約)×月額500円×12（解約未控除・月額のままだった）
電力コスト削減,AY5,=AY16*AY11,=(AY11-AY20)*AY16*12,売上＝(粗受注－解約)×月額500円×12（解約未控除・月額のままだった）
電力コスト削減,AZ5,=AZ16*AZ11,=(AZ11-AZ20)*AZ16*12,売上＝(粗受注－解約)×月額500円×12（解約未控除・月額のままだった）
電力コスト削減,BA5,=BA16*BA11,=(BA11-BA20)*BA16*12,売上＝(粗受注－解約)×月額500円×12（解約未控除・月額のままだった）
電力コスト削減,BB5,=BB16*BB11,=(BB11-BB20)*BB16*12,売上＝(粗受注－解約)×月額500円×12（解約未控除・月額のままだった）
電力コスト削減,BC5,=BC16*BC11,=(BC11-BC20)*BC16*12,売上＝(粗受注－解約)×月額500円×12（解約未控除・月額のままだった）
電力コスト削減,BD5,=BD16*BD11,=(BD11-BD20)*BD16*12,売上＝(粗受注－解約)×月額500円×12（解約未控除・月額のままだった）
電力コスト削減,BE5,=BE16*BE11,=(BE11-BE20)*BE16*12,売上＝(粗受注－解約)×月額500円×12（解約未控除・月額のままだった）
電力コスト削減,BF5,=BF16*BF11,=(BF11-BF20)*BF16*12,売上＝(粗受注－解約)×月額500円×12（解約未控除・月額のままだった）
電力コスト削減,BG5,=BG16*BG11,=(BG11-BG20)*BG16*12,売上＝(粗受注－解約)×月額500円×12（解約未控除・月額のままだった）
電力コスト削減,BH5,=BH16*BH11,=(BH11-BH20)*BH16*12,売上＝(粗受注－解約)×月額500円×12（解約未控除・月額のままだった）
電力コスト削減,BI5,=BI16*BI11,=(BI11-BI20)*BI16*12,売上＝(粗受注－解約)×月額500円×12（解約未控除・月額のままだった）
電力コスト削減,BJ5,=BJ16*BJ11,=(BJ11-BJ20)*BJ16*12,売上＝(粗受注－解約)×月額500円×12（解約未控除・月額のままだった）
電力コスト削減,BK5,=BK16*BK11,=(BK11-BK20)*BK16*12,売上＝(粗受注－解約)×月額500円×12（解約未控除・月額のままだった）
電力コスト削減,BL5,=BL16*BL11,=(BL11-BL20)*BL16*12,売上＝(粗受注－解約)×月額500円×12（解約未控除・月額のままだった）
電力コスト削減,BM5,=BM16*BM11,=(BM11-BM20)*BM16*12,売上＝(粗受注－解約)×月額500円×12（解約未控除・月額のままだった）
電力コスト削減,BN5,=BN11*BN16*12,=(BN11-BN20)*BN16*12,売上＝(粗受注－年間解約)×月額500円×12（解約未控除だった）
電力コスト削減,BO5,=BO11*BO16*12,=(BO11-BO20)*BO16*12,売上＝(粗受注－年間解約)×月額500円×12（解約未控除だった）
電力コスト削減,BP5,=BP11*BP16*12,=(BP11-BP20)*BP16*12,売上＝(粗受注－年間解約)×月額500円×12（解約未控除だった）
電力コスト削減,BQ5,=BQ11*BQ16*12,=(BQ11-BQ20)*BQ16*12,売上＝(粗受注－年間解約)×月額500円×12（解約未控除だった）
電力コスト削減,BR5,=BR11*BR16*12,=(BR11-BR20)*BR16*12,売上＝(粗受注－年間解約)×月額500円×12（解約未控除だった）
